<?xml version="1.0" encoding="UTF-8"?>
<!DOCTYPE mapper PUBLIC "-//mybatis.org//DTD Mapper 3.0//EN" "http://mybatis.org/dtd/mybatis-3-mapper.dtd">

<mapper namespace="global.sesoc.calendar.dao.CalendarMapper">
<insert id="insertCalendar" parameterType="calendar">
insert into calendar(
schedule_no,
member_ID,
title,
contents,
startDT,
endDT,
color
)values
(calendar_seq.nextval,
#{member_ID},
#{title},
#{content},
#{start},
#{end},
#{color}

)
</insert>
<select id="calendarList" parameterType="calendar" resultType="calendar">
select 
schedule_no,
member_ID,
title,
contents as content,
startDT as "start",
endDT as "end",
color

from calendar 
where member_ID=#{member_ID}


</select>

<delete id="calendarDelete" parameterType="calendar">
delete from 
	calendar
		where schedule_no = #{schedule_no} and
		      member_ID=#{member_ID}
					



</delete>
<update id="calendarUpdate" parameterType="calendar">
update
		calendar
	set
		schedule_no =#{schedule_no}
	<if test="title!=null and title!='' ">
		,title=#{title}
	</if>	
	<if test = "content!=null and content!=''">	
		,contents=#{content}
	</if>
		,startDT=#{start}
		,endDT=#{end}
	where
	 	schedule_no = #{schedule_no} and
		      member_ID=#{member_ID}


</update>
</mapper>
